<?xml version="1.0" encoding="utf-8"?>
<modification>
    <name>Hide price if it is 0</name>
    <code>custom_null_price_as_by_request</code>
    <version>1.0 3.0.x</version>
    <author>HDDen</author>
    <link>https://github.com/HDDen</link>

    <file path="catalog/language/ru-ru/ru-ru.php"> 
        <operation error="skip">
            <search><![CDATA[$_['text_home']             = '<i class="fa fa-home"></i>';]]></search>
            <add position="replace"><![CDATA[ 
		$_['text_home']             = '<i class="fa fa-home"></i>';
        $_['text_nullprice']        = 'Цена по запросу';
            ]]></add>
        </operation>
    </file>

    <file path="catalog/language/en-gb/en-gb.php"> 
        <operation error="skip">
            <search><![CDATA[$_['text_home']             = '<i class="fa fa-home"></i>';]]></search>
            <add position="replace"><![CDATA[ 
		$_['text_home']             = '<i class="fa fa-home"></i>';
        $_['text_nullprice']             = 'Цена по запросу';
            ]]></add>
        </operation>
    </file>

    <file path="system/library/cart/currency.php"> 
        <operation error="skip">
            <search><![CDATA[$string = '';]]></search>
            <add position="replace"><![CDATA[ 
		$string = '';

        if (($number == 0) && $format) {
            return $this->language->get('text_nullprice');
        }
            ]]></add>
        </operation>
    </file>

</modification>